MFCC_1,MFCC_2,MFCC_3,MFCC_4,MFCC_5,MFCC_6,MFCC_7,MFCC_8,MFCC_9,MFCC_10,MFCC_11,MFCC_12,MFCC_13,OUTPUT
-409.23355144427916,95.17242115521368,26.971322602888247,43.20156876957321,13.713917846311578,4.171071685325802,-18.88247317532955,-0.5038718984208919,4.714296776201843,-9.758226756851256,-3.3570616183248436,1.3764021560101705,0.04634035004494635,0
-426.10604548987396,108.43788688251144,38.655204742643676,48.4766453664175,6.066604133660101,-1.467976326684359,-20.59163673761304,-4.384560674049576,2.2014160125600766,0.6515250131671099,0.3006159439828156,-1.6359824803177851,0.2745775937730099,0
-344.71095943864566,109.11870270946865,16.926360467099762,52.960039913942886,-9.1694250932696,-13.497099393136867,5.753011115563384,1.8317132489033114,-13.402441428167402,1.2621250016373673,-1.5935837600551481,-3.4380949705748027,-2.307078801506743,0
-653.9905249452675,129.99384599843657,22.854716227164563,47.45151898420735,19.425137996395147,-3.5191267409713083,-15.467632509983545,4.972797031232241,-4.946226785980637,-5.6694120729944135,-3.981171710557843,-4.276103169757433,-0.5757428987194816,0
-385.79161117087136,109.20238676252178,18.21352812045713,27.5064224587625,19.109799454463207,4.671183115703479,-21.810400197826013,-1.4163906468685956,0.5306656484368455,-12.414120010796625,2.2281951617337596,2.2457704181232967,-4.740435691754554,0
-438.0175647549851,135.81318908922995,24.52831992903859,29.08858522425039,2.7477143483174657,1.259731822560559,-13.73113417171094,-2.838767106360492,-0.26382009212637336,2.155711377751553,4.677600145198136,0.732066743608601,0.8410681076127802,0
-327.4817906415072,114.75448124203673,7.4478549426200145,30.032823146485867,-4.389280763420337,-11.715604935100925,6.558133154838291,-0.45375180818963495,-8.890171060036748,3.344159183608482,1.090827089656662,-1.6712407767044335,0.12355116058133732,0
-654.3248619735847,154.29536909578965,31.38437419616405,18.990318386870012,6.7218805035055045,-0.9432555691659181,-3.023232875998892,1.4943748729921915,-6.349364390467145,-8.34300109716417,-5.010252301145373,-1.9155842476672698,5.8438690120122585,0
-434.86992222129027,98.56596435162825,25.44497143261313,31.652937185474016,17.464699464403363,0.1780694407324678,-12.980959630247948,3.9728783716288296,5.524378493843863,-7.384872532814256,1.8380821254971755,4.52536808620933,0.00810368814151486,0
-499.08625722855396,121.567376903786,37.6165722464132,23.9656555536768,5.169647763679732,-0.329904990970635,-7.932504152712847,1.6876691750693023,1.9966306551038893,3.662509513358923,3.429998051366417,-1.4457249750291257,1.0771443065896522,0
-339.82524835569615,77.53273988320164,22.272818134778824,29.371330841492114,-2.2058209986341266,-7.984912788763387,5.5069904304403545,4.906690521466402,-2.4172589483325155,1.7198100581193025,-1.242587352393914,-2.773593530289757,0.807556036339129,0
-680.1927999098014,124.77062729852476,24.71841384438659,35.91431322661947,15.533054965681917,3.3271586322221185,-6.428644193448997,6.0920044940555576,-0.6363576171928313,-4.476744492359628,-3.4591976437144325,-7.192199184149253,1.9391125177037727,0
-386.0892486848382,110.02557215362586,21.234129258646742,30.774915665506608,16.363153045050346,3.6698927376060833,-22.34097924580951,-4.373372066503992,4.143457857507114,-9.201032837860534,2.305659673643186,1.2719076128321147,-3.8219530343336356,0
-436.6565220348846,130.645110268414,39.120268332905994,43.674423151269174,6.6458826437534855,-0.7992776876735148,-17.55952767922178,-8.65828893174191,-1.0969628064148047,3.3992106345197723,1.625632417635689,-1.3917649490235355,-1.9631415749317398,0
-320.17573950669436,113.73885891321345,20.811575929948713,32.599339119825174,-3.3960822280553304,-10.483878364285601,-4.168933756758455,-1.8058465754081208,-10.821986466939618,-2.2875229710248934,-1.3043016619319527,0.12411403799118624,0.13553548669920318,0
-628.5241192993129,128.93943717345417,44.22052236574125,31.183919945324305,3.7787287907358804,1.5404157505141054,-4.1097538189627905,-4.915880526514031,-9.997226696228099,-12.370916215447059,-5.8818754035851315,0.8465412813418446,2.248465164241397,0
-389.0561497709452,121.93593672585583,22.749862231642293,36.242664784639935,17.656089901945528,7.817763915621485,-24.507447824611944,-3.816983487291203,-1.370513453628747,-15.893672273429937,-2.8557870663930673,-0.909962741776808,-2.5414713659954615,0
-428.0724723434469,124.69885736398804,34.343993605734916,41.40373327523671,9.591444413397925,6.462362227274804,-13.098007943444141,-7.435461922333433,-0.973168809891972,1.6640077724153925,0.553097942937751,-0.01267126141763799,-0.454844916073391,0
-316.54302898767753,106.05996622701574,15.791681048792482,36.473425259619226,1.1176995745202696,-9.394582977396349,-0.6081563919101238,-2.264852333138883,-15.888264272560585,-3.352046066755612,-1.9958561257997212,-3.6610616233316864,0.07751843917917037,0
-634.8320209705583,129.41848760912714,34.506645357157254,37.22900356312888,13.719234807881255,-0.43673665044098053,-5.099526959339952,0.1324845308586069,-8.716731582266855,-8.526715504498334,-4.41270827859193,-3.56848396759811,-1.8271823425443212,0
-403.32494413049204,99.16728263658632,26.595450304519147,28.900193701264257,20.227287024722905,7.599992759939809,-17.545114744838568,-4.046801896161613,0.3204370526852879,-7.980998139275734,2.096628350902607,1.988523605915431,-2.876453124210721,0
-412.34705092481227,103.26526251166013,34.48986973248913,42.11324503269673,10.614599884764482,3.1780002959882254,-13.986381157322265,-6.369608987975639,-2.7793596229813113,2.0530161269665745,1.3535471495862081,-1.8644600315355806,0.1074611619488947,0
-354.64282568078687,109.74034897511746,29.30179896159324,41.35478938262173,-4.766115869624181,-6.160238482861769,2.268467316607917,-3.295418734767521,-12.807080647904899,2.546521720630001,0.7277234564569296,-2.5859054446063956,-2.4147307482891054,0
-637.0950331754112,131.46318126291885,40.67568584424584,36.689649451256386,18.956385899472124,2.166376978496132,-3.079990974353117,2.234445797217431,-5.868816533727674,-9.413494069979293,-2.745000612627222,-3.056601711102314,-1.7881160244931953,0
-396.6168587031214,95.3158625393692,21.161557434762976,36.363099482864364,19.64721823431283,2.7270628001066317,-15.592803205378015,-3.16293986392612,-3.6201998047965644,-9.906609673677258,1.228758188924215,0.8179134078148932,-2.2946143330868867,0
-455.135433954034,99.39090771453304,36.50206631006341,35.792135628722534,12.121138693213146,1.2433524101056341,-7.427856155488768,-3.3912334662681913,0.13789413859410635,0.5689219360019374,3.0188845255896726,5.619837309513852,4.380133473170293,0
-350.2049009229928,103.10530887148427,13.942942290715214,38.39765189263019,7.963378015820846,-8.384416966959732,5.773198303746863,-1.3121732035922777,-10.818287207923118,-0.3368760167390023,0.03243677304225518,-2.1002334271741536,0.7805223037238284,0
-642.2899366802498,126.1391183705951,28.306893673335576,34.65229549149344,21.54419829454711,-0.37992871002358264,-5.012117744907743,0.6175329838290741,-6.1158421737823785,-6.474477418234053,0.25253977756719564,-4.582222180599305,0.08742752580650322,0
-387.5940771777271,98.33994784636285,11.329239244110246,38.251267677131956,19.280560692063897,3.4867086574755586,-20.51056691722039,-0.7648938982246061,-1.724635390835631,-10.851204212896214,3.5365975893638613,1.1945122817373592,-1.3767306110332131,0
-450.7029650229154,97.916036978102,35.280130470104105,43.54698517081317,7.775240149660325,2.460153882186793,-9.289237005666333,-0.5614784339289953,0.4544531550866303,0.3874487369082846,2.086350766310677,4.068257376431861,5.316086096007846,0
-358.17467779620563,91.85538335856977,17.518773851208746,45.82200327267659,-0.5245071803762968,-5.032768957341333,1.5246098057417206,0.30733060621216723,-8.693797641364585,3.2382389499587436,1.7876891800745975,-3.9330848778092453,0.59852053506364,0
-650.4768067519166,126.17515213634277,29.297204485280822,35.07012902129289,11.883896469032,-1.46029739093357,-4.784213876751645,3.204810794334185,-4.639842323996763,-9.097227571552928,-2.518483314883557,-3.5461740732234106,0.971646939484627,0
-385.4283819529973,101.7935346215106,17.77601156376542,24.172441313413604,17.431524181392,8.110402566009768,-18.29015318680373,-3.607595967478378,0.08469215683201528,-9.29146501212839,2.3514835061774866,2.0682281932406332,-1.5388691300539832,0
-434.48032272877083,90.60684038580537,35.48182018563584,31.497610524847648,5.930096682560861,3.5223129758157676,-4.2067631056905155,-1.4839927310169467,-1.1031499506514004,3.9095510644630744,3.015036434083558,3.449395337683896,2.912842898439064,0
-340.93252003862614,100.90533818809217,14.238175193552875,35.19973853496517,1.0845657526267087,-7.489956851235185,7.130847870284145,1.7836721161022893,-9.355402962478914,-0.9650668141766021,-0.9051357550490217,2.296812429962187,2.8916530388599937,0
-648.0954894273995,131.97021376328323,27.743767699415706,26.210813799752877,14.021867667269195,-0.49677262575235365,-3.712283364845622,3.121492895810145,-3.039836033769985,-7.216390501787866,-4.472154960547921,-2.197636106660069,3.755770102916668,0
-366.83932299450083,98.43367185635041,13.477609624537823,43.27108298037853,19.47260616579195,6.8840800069441705,-25.26026263243197,-5.884709138039576,-1.2265087189086028,-11.811343788994504,-3.9427641166851624,-2.938507086839146,-0.3633794172769411,0
-430.1308897940827,97.28848681898826,32.485035753898,53.66994939388107,6.00134115934437,4.057025703951467,-9.292901351799241,-5.946773357805093,-1.0369545834473222,0.8920643032985753,-0.30397884594203434,1.915568424535964,3.7094455800232895,0
-330.4022087319386,94.83428152709376,16.34472374886422,45.219131192895574,4.4699540122419865,-8.703473442666843,0.6193556999901051,-0.038819119822806065,-13.85965689274059,0.21456118958283446,1.534604038182481,-3.4984173325241117,2.083576382198649,0
-656.5138868389636,135.16974836956624,20.303338003351705,40.55461100403688,13.502451039732113,-3.7096227623556506,-11.476381290837146,2.8617488136523925,-5.279852433723897,-8.747187932426115,-1.9458007835059883,-2.2970890026645847,2.8012444181111107,0
-403.20116654533354,113.76989597934323,30.24182727884371,32.069621391173555,13.369538056949994,5.444572296792678,-16.145144160983406,-4.542488706913089,-2.8331722184074817,-10.250221253004739,4.04587334616929,1.9743361242179815,-4.727907443966332,0
-406.8125107479341,106.70419410878583,38.34860145757519,42.4843500176228,6.021020519554283,9.11670733047996,-9.921485026395057,-10.158233526410719,-7.811230564118161,4.870315471562026,4.164528812249628,-1.7319477971915482,1.9837085713483498,0
-401.8881886798863,129.45361026644431,35.18578969437941,41.84548737790566,-2.0796935033710775,-8.869270313960868,6.144629912121611,0.028977171555359723,-11.673890070930222,-0.4234761500819682,4.043872131122337,0.48827713321696,0.19663344891922332,0
-632.6387895342609,126.14003528919791,35.87827346397812,32.926260167903365,10.412163382689862,-2.7908227764698266,2.1561166527717406,3.8959988495122517,-10.281564190166895,-10.264605198780236,-4.2486198160156174,-1.235822739497004,4.418526383615636,0
-398.6914172728448,103.24357195179064,24.91489662759337,37.4912859621926,21.769160633735407,6.677673715021263,-21.37421434667288,-8.364496904131656,0.8932187017940787,-8.569397127618505,-3.80504686387868,-0.7639796450231198,-2.1548218988401997,0
-416.4745188561611,113.7347454793035,36.07568931757624,40.08700014530172,17.68415614495005,5.961636880778336,-14.86680850419767,-11.501756910560191,-2.721538470513437,2.518970604565759,1.5050485344501703,-1.0208524713598255,3.215302795236702,0
-412.2012431813929,119.98433214332728,40.45490546872244,42.92087724744639,7.757223705315076,-8.827748084602126,0.30024556767103167,-0.8759666966771819,-9.754635948931426,1.8165187563814622,4.16975539500579,-1.1437351705442729,1.0223700737278703,0
-659.3234725024547,134.63981328278183,27.04153894672851,41.94310014887664,17.078529021375708,2.0601483834886354,-8.118311515636043,-4.7115561635765,-7.558537985884835,-5.34938083973166,-2.9629925028209745,-4.080474751605268,0.20879790343195648,0
-395.8165507184093,109.80397837845953,26.34175291406514,34.025962065874246,15.387871010704071,3.608128141049826,-21.55935975277645,-1.9210968752796367,-1.0294744921205534,-10.054503413716242,-1.5954562231629523,-0.8946609334601747,-2.2139717770741494,0
-409.97250031497265,104.71044841737678,33.489923950294944,41.520799212294804,9.69410166150745,2.8589113171127667,-14.742168962550142,-6.548835064312445,-5.509781873258483,3.09872959491846,1.9870872468926515,-1.7494285094555928,4.616787864434016,0
-354.6194576006215,103.78558785641515,23.442389377506473,42.019754064188646,4.652204899631885,-8.431877295287435,3.983860246364294,-5.492811289549069,-14.6820528528685,-0.06744892686154731,2.1634985080071454,0.3210503017388902,0.7701665997685769,0
-624.875204520299,121.19216685346811,31.865940456403333,36.84925124606579,13.011685659476955,0.097210966827814,-5.799917280523522,-3.6627880383886717,-9.676732234141646,-6.828468543876921,-3.3481378031680262,-2.4444715567027617,1.3666597154169906,0
-390.9623019856907,116.40684043051412,24.784652344287252,37.14444730662719,24.08074832722997,2.689443476728268,-23.23078363238054,-4.402990054286694,-2.7501792692164857,-13.152474703928931,-2.962786975722719,-0.5810061387993029,-1.5380685130655585,0
-424.6603645491658,110.36584296911843,34.449642756765684,42.180209538979355,14.18319777279405,1.3470641638975362,-11.824012513073749,-6.190680810304855,-3.108450379760522,2.102833495035866,2.3557364848547455,0.4619786161643989,4.692635304487114,0
-376.49150501109875,124.08595702152166,23.148336900831616,47.43846287843019,6.172663806665116,-17.515333479611826,5.590450358883491,-1.4446026467616413,-16.369551644492066,0.7209340255509002,-0.037942390005196995,-5.478122960448904,0.7320692639930423,0
-611.5932338642629,128.3561998275754,32.5872276648267,37.66916552944234,21.98942775451751,-3.667650657097228,-10.024416096021445,-4.729557743409176,-10.582790620860095,-9.088001963631722,-7.2834986321858555,-5.562558874607512,0.6123367447314924,0
-395.13866507307733,128.97681061710813,19.17207065877894,36.831445452159706,18.19519312689322,4.87237243598922,-25.86487740471943,0.038252600389100166,3.083525256252119,-12.411235647924979,0.5936635364514419,-2.8730772731286365,-3.177067031779224,0
-427.5617801997835,109.67257294420567,32.72388364421942,44.96533973605587,8.371470063623153,0.817003150931525,-13.262312474262764,-2.8682532832676593,-2.278836547969192,3.5047581794520415,4.270499240913387,0.33872344560943346,5.544559306818313,0
-392.09353468641285,120.95918347012817,23.76911262566959,51.27458228644653,7.744807826939399,-15.793437007011399,0.8807390652362319,-0.31017470131550157,-10.314478276737576,3.253292891140285,0.10642359750975945,-5.261225223885955,0.8713669571876351,0
-661.6813986756861,139.06712576913318,31.793499857080757,43.230222505806246,14.703817570083842,0.7042060002074728,-4.620755775010574,0.5299672296741608,-7.475824157635593,-2.6910348044393566,-1.107907576930359,-2.795915615607252,1.509398297675959,0
-317.0663047099858,107.90025101972363,1.1450052802463986,23.068822561433148,22.15474572937505,0.26445058727911963,-30.494302850704926,-2.2645240086951723,-2.4231667026316357,-16.046839274358195,-6.036708482381317,-3.4433927638937942,-0.6636502730861628,1
-316.3919503025397,105.33170084479865,21.726482400802155,43.4792184588096,3.996153284842034,-4.477598273508538,-21.666095579004015,-1.9817371132663852,-6.0672920351815955,-1.824452633152084,-0.3607720631728028,-9.661376646214443,-0.7886341942487001,1
-222.11943063559724,101.21981247924039,-7.596719845964035,40.310191482870394,-12.497032438405292,-9.681521863073147,-12.335971296684953,2.341619068148826,-14.5705547682522,-1.9667377248091737,-1.2488126098764734,-8.960688851371861,-3.2916989174957765,1
-560.8448698198473,119.2024824151333,18.81023462921968,41.19235989269177,8.859447628840254,-11.330340532082834,-14.336352046176144,0.7752272899710809,-11.141224880586474,-14.01685863385835,-1.1723507256285366,-6.863654037742915,-2.9085748381393466,1
-308.69061232427606,119.34016263793025,-7.0056962213793454,11.932675526142623,15.470636618308887,-1.3201430785669863,-33.31416811428659,1.095443694229202,-2.605205705411088,-16.89574455970889,3.250342980007214,-0.16270867502776018,-9.175426370086866,1
-313.24903919915465,113.73706114905968,-0.8612867497799395,23.73982810988991,6.159552018247736,0.39419762665990143,-15.549226735828148,-4.693960793340654,-6.735858858179807,5.4026185412164995,1.7045970807768211,-8.813463293041567,0.42252035497528556,1
-245.69763765141428,115.44132344138693,-13.799139224815745,26.494952939813025,-6.556271361501764,-20.91631910515583,-6.310834338467358,1.2067612219473183,-16.792063049027398,-2.996290991493126,-2.107315458635135,-7.641700414591105,-2.2562207630616817,1
-524.9120584113733,130.8860716934344,13.4113800581951,10.498087834818872,-0.07857009420615722,-11.847166286136407,-7.7543062063355155,0.2434078627414869,-11.911848325991654,-14.933259503370026,-3.703642012155825,-5.062917016865912,2.897807682204979,1
-347.0950483694446,86.73999498797602,6.503509062637262,22.18996515747999,15.009555105388243,-0.5456947361785824,-17.464509408771992,4.603699605211973,-0.18427502309038515,-10.959408449876985,-0.5451899163141596,1.168748986014797,-2.077229977522919,1
-359.40589350630427,85.76524624936857,8.626970396585714,17.376632879252988,-0.39390044515407036,-1.7634412302639206,-10.040942504687672,-4.181513460515293,-3.9477319598943406,4.866408882847434,2.5957020626723435,-6.28414624686329,0.9905991352017868,1
-310.4339976228436,94.84614803015305,9.217175769954867,31.960127764494455,-8.289642881132439,-12.764164439180309,-3.082436391551641,2.1359618354976444,-8.55540062264146,-1.4305155271433645,-2.964908100913599,-3.930104222299499,0.523823800868306,1
-619.3834052702435,116.14249161886586,23.50520786411489,27.505663998219433,9.9436101145672,-2.999438244331466,-8.91127926672774,5.405569922665825,-3.965155770651978,-9.317152042960865,-6.553155134634051,-9.05685581775842,-0.8562879467625376,1
-283.5469188755723,102.43653216389797,5.317997475430027,22.16019286074619,6.432508482699,2.1400252091506338,-22.634712799475192,-3.973539535483214,-6.895337165247624,-15.873968281688212,1.0946914080706396,-2.2651063937305316,-5.597759850384434,1
-350.29732297829065,101.3032096459237,21.68746415825215,41.44031444638186,-4.824593597844846,1.4542677581120167,-11.363578672670652,-4.7491704980857055,-8.562438180133006,1.8357301302294968,0.3523081287386341,-8.468586896563838,0.8585690098644417,1
-267.2419516173056,95.16365199973909,9.503976668189127,37.769176382905854,-12.52093728329773,-7.035216540421983,-10.509435024748603,0.9697950128057232,-11.774918823140334,-5.017682526551334,-3.809400061639353,-7.954177693557254,-2.9868609487948463,1
-539.6469253538593,111.82386170128929,19.197679271442006,35.057198480210275,-2.659341839121738,-8.609464362758901,-5.752410224534285,3.0260235431392677,-10.271485639926603,-14.082865832598259,-2.050976797519977,-9.266338608003784,-4.2425375618740855,1
-288.8127192506571,105.7978940397096,3.3054498865424895,25.22718549381383,13.468492869105475,1.6343131922954026,-35.13387574025439,-3.974325896683068,-4.5016756028704865,-14.715821850191835,-1.3559988148437139,-3.828481040357285,-3.954967602375838,1
-319.8960716404263,78.76070371849382,17.348633959280495,43.13955525099611,15.082407412632403,1.2830537925494896,-15.495365321389311,-6.913824347078899,-6.7787633188064635,-7.261236504099691,-1.721436844875965,-5.043331552621839,-1.0791616342097816,1
-260.50986194365214,84.80356583074607,4.307673565156683,37.93125865040853,-1.4953984292027536,-6.541677790531831,-14.02043872376899,-0.28570767794236834,-11.541295817113236,-6.796106428592482,-5.303267390990218,-7.738224175981063,-2.531045770107622,1
-562.5699035909994,104.10354338513714,23.085122801646214,33.46789065156556,10.964204782975978,1.2902282730045656,-9.972663060978292,-6.23747220667724,-11.182938646337277,-13.310757885059406,-4.463948160069904,-7.195230839138687,-5.741631991187997,1
-285.2804220419252,107.46611100524338,6.054672866760972,21.29204031044216,11.831131748282832,-3.679207200231467,-22.862280041605423,3.0297549565010504,-6.776366216888984,-16.323308838238695,0.4207783998755706,-2.9744636102096975,-2.750441313403132,1
-318.96582280922416,97.01121189082826,13.680931072205055,33.670782424593945,4.794747939241782,-5.727639763893223,-18.573471508118956,-1.739596628359393,-6.9851923775153155,-5.567607409003138,-0.44424725073991117,-4.316730042110018,-0.6259565124686771,1
-255.4727138823727,104.52034334543607,0.46018115433332085,35.153745742236794,-6.429947285601448,-15.69647801940419,-1.8493447320372334,-4.027404761526793,-15.291082179665358,-3.717429529128641,-6.994846602665362,-3.225884261685468,0.721491712087541,1
-589.2393870943368,136.47590292206243,23.7794201432831,37.22821279376103,13.353275643694278,-11.593016816067509,-4.613625420048481,9.311044593376236,-8.901328637729764,-14.371810594117154,-5.747426821689862,-4.361275168226342,2.2726697085281446,1
-280.9526399265828,92.72597743006503,6.121933870138294,28.227627967932776,13.106171226559866,1.3348991959949537,-24.03797947599966,-4.4755816211668975,-6.089406201004099,-14.786094282116501,-2.43115518865006,-2.5176722502964366,-2.664679978667643,1
-312.1689019842313,74.28105385220971,9.626149826141125,31.356282241145195,2.7175228192854406,2.6822196154835374,-17.25038015491921,-3.4350649866457847,-7.405689650081201,-5.098941367125843,0.2648871266863152,-3.9884201834618906,-0.8902348872681851,1
-264.89973455494624,97.17397620997572,1.6445841566749944,40.437177065129866,-9.557412845983789,-11.528805284790078,-7.973406486788301,-6.244189361371863,-18.09148294439098,-5.921314956179849,-6.631684920607169,-2.9713434454038516,-3.1149001485757104,1
-563.0767448907009,109.56969321897202,21.578437445378608,39.19026256209135,4.547698580567667,-2.131351513628383,-7.356752278054331,-1.6859024878343096,-10.382121232252736,-12.164130734832028,-3.9569943455657044,-9.313729005976866,-3.5941660866881096,1
-265.7178731480674,90.66834173843742,-7.633728043745444,12.63019784512111,3.9789493780525915,2.04400130049672,-20.752250392304276,-2.6342392204798566,-4.0682167257999815,-10.643814601955524,-0.7589206992595735,-3.206802638635814,-1.3628715950548902,1
-335.640124347491,70.87693474958229,5.416919802458786,32.97620373273255,-3.0297821309450454,1.6114975900451218,-16.392581446691402,-6.2286427436582,-5.458926317256647,-1.457723848429171,-1.2402861693133593,-3.2556487641508536,1.4100667236046016,1
-272.7863917171675,84.19747531916626,-6.003647438620993,35.4438739238758,-15.849890575080163,-7.498832221563568,-3.6705189676578973,-4.984904877267185,-16.968002555250823,-2.5642110444332458,-4.107390800775767,-4.638265578537973,-1.3634144945025528,1
-534.2707561681904,91.17957410486714,23.37497196313513,21.036021419524374,-1.0804465568689983,-3.961607114878268,-2.9565678773697135,-1.5321355989676702,-9.184573658316735,-14.440753852528838,-4.946956511385039,-2.8127075904744108,-1.1808229854057586,1
-252.59849467545325,93.94761937291645,-5.926403938185195,17.08752272350894,-0.09361342413363577,-1.2602690326418011,-27.018628592953306,-1.2827603138281845,-8.736129275346567,-16.080625657699883,-0.47640783526139135,-4.2272311399195495,-5.481825489959675,1
-332.11797642841486,99.03031293253598,14.792887463892766,27.35071409383439,-9.321763388187664,1.0852670294276936,-18.20104936236994,-5.654235623393604,-11.50412210454746,-2.0454781575155025,2.003329179182708,-5.589107351927039,1.3230212686159404,1
-242.20908430201987,100.94681491625701,-8.13294309110127,28.065091218416704,-11.375821077058307,-12.83207810956479,-6.690055933769172,-7.689844032976331,-18.53650073847818,-1.7752069478690262,-5.49671075921494,-5.13345721476357,-1.023439349969239,1
-528.2783589681359,119.05231433229872,20.247500734253634,21.353168978912677,-0.0066605822043126145,-7.229509906571026,-12.68844198690928,-0.7403869537224516,-6.187297358192885,-19.88388315816706,-7.014046948714062,-6.044317780549804,-1.339541506809585,1
-241.28358381769905,108.45074358426751,-10.023129030509862,6.364749777931013,-10.928773067854378,-4.204266586316269,-23.79931469241254,0.15379314382788153,-6.425976413366204,-11.40760641918493,2.5421435720424057,-2.960774128869851,-7.277518129114555,1
-336.34260142550573,101.42217328871384,8.70006100558746,20.61709045056507,-8.093378001859223,-0.4029896313680858,-16.451540829280308,-1.4016030199177505,-7.236085526005029,0.7627959910716453,1.6817187734065464,-5.420394319359959,0.8238802806580515,1
-254.33726024868707,97.369609978498,-1.5248668609784177,24.0904501363039,-23.85655242893676,-12.820688585961316,-5.200830785667252,-4.211280818951363,-12.209388295610736,1.5244146088982888,-3.3699817704772634,-4.388538371711305,-0.5810196574354279,1
-543.9178315331002,127.19665466224869,27.577048435424604,15.223185746331142,-11.384627373433169,-14.042079486747344,-7.032653834175901,4.1587826347227566,-12.39293876976348,-18.036814619514598,-1.9188461737968316,-1.7389105771239244,2.5008863349915433,1
-293.6530945188563,113.78886126965128,10.856732990110238,18.610905896597995,10.268166186000151,-3.6761883234634447,-27.310141952020512,-4.101716238298957,-5.752054999083312,-17.408346724581016,3.3230744396595298,-0.20515667435898657,-9.338387337036146,1
-308.48585372920155,106.82488254714315,14.848298152853287,43.02057471844603,4.992341563103626,2.5617122353700768,-18.062215431009093,-8.255811215148116,-9.38815667240957,-1.3878818733122544,-0.8386496324313563,-6.765288783000543,0.3694108087984693,1
-238.65694373679145,112.01642472793552,9.798474732892641,29.773645257925878,-20.756161579237684,-10.566451558098366,-5.804001659952243,-8.377179086886963,-15.441138272070528,-2.060511713293314,-2.8647225758705246,-8.2785848768757,-6.361783409875586,1
-563.1851270294295,131.37551364074133,24.686333091839995,33.825429453215264,6.02967206137346,-11.237541562830325,-9.972086834769454,0.38985701997670735,-7.576944171687084,-12.026248770708579,0.23709750310716682,-3.9264007877661427,-1.9060402854944751,1
-302.1125750691463,111.5075339801829,5.267263366294229,31.845450752493836,19.76566502475042,-0.6916796865175219,-31.8990984694414,-2.6731607519429943,-1.1541723729874518,-16.709972571711223,-4.197676116390873,-1.9111556561224767,-6.148370626046271,1
-327.79626079140695,105.79091091463744,8.675649781680894,54.825172627615295,9.46330504408798,0.7343010401096721,-24.25486840784275,-6.826820822776108,-10.053706217330266,-2.9837774385465523,-5.7026540243105535,-5.793857158330865,1.6940955224310448,1
-254.48960617064512,116.73092692776623,-5.405088038978129,52.370924477437114,-0.26710615252148945,-19.33262091920346,-11.487069061387743,-4.937516000702065,-17.875747946861637,-4.6455187461368554,-8.855437079783353,-6.974296645942992,0.10204909243940613,1
-571.9540175491375,120.91045970707007,12.19784174096629,38.44032428390695,12.896993873672178,-1.5783610958148306,-16.11821570682567,-5.373551328387089,-9.209557990605203,-15.633089398484236,-4.440129244418592,-7.227538155084393,-2.5615645636252107,1
-316.79899754890295,94.14735149190656,-1.2559648886074892,28.391769776075208,16.324277555977023,4.694448190803172,-27.23164411544952,0.7289178261904816,1.402366076920103,-15.090739144518814,-2.5560320180591507,-2.7582259424073423,-1.8130913275815395,1
-316.14485595073364,78.67277028071457,6.819356147485043,30.85167930809293,12.104957263548783,3.367842616557749,-12.187401895400798,-5.422950079454397,-2.050488352795629,-1.4381885519911655,-2.258306515478415,-0.18736557441579077,3.946070406020671,1
-289.04159385127315,91.67665168433548,-4.775902476498821,32.63992027855914,-0.8961364661391751,-12.710779871601884,-7.034284888125763,0.7976945725265171,-9.590536087527983,1.4113881504560064,-5.051301277365943,-2.6787577695990183,0.977767300688646,1
-583.6875701481633,110.54385482739467,3.161232678760728,31.664943164117776,14.078413844279853,-6.11495743776989,-9.98566591439664,0.39515132806968867,-8.913393504854946,-12.485857976991662,-1.283605574317038,-8.533381594770493,1.4587182278725204,1
-287.6632676741742,103.48709258976443,8.982717124946745,31.458010983060564,20.42156747478609,-0.008865098248944317,-30.118930091985533,-7.678313188221826,-3.09488874699729,-17.026689466990934,-4.997903648004431,-4.146157713064681,-5.378454267750369,1
-310.5520901738437,102.87868716158381,12.673447859101644,47.688959011076676,13.076617355283716,-2.1454263669516425,-21.14293630265075,-6.824867309830829,-8.184645363510626,-0.8492481264858106,-1.0115616491073691,-7.611134029734145,0.8585386096158215,1
-243.74437758309756,103.45178736706893,3.592314570226238,43.282811586606286,-11.064744397695579,-14.136925657364564,-12.134844734277184,-5.449741823024876,-14.238876631196515,-3.9804447410152286,-7.596985038633034,-9.074273792664147,-4.491528612040477,1
-544.8452370028182,114.02099553703853,13.992369590450842,43.42919669869336,21.501052356563903,-4.751316003567417,-16.74494829439398,-8.278258092008654,-12.36643945276468,-12.121940849536147,-5.323707702820592,-11.168391132468749,-2.3927882470635544,1
-295.1403172964435,100.4780325939652,12.466020251654255,28.832508110985916,14.720016716625604,-0.10549947319183597,-26.038584352914782,-7.03079351249854,-4.546713497744226,-17.244175721856877,-6.137777646619643,-6.018529547187498,-7.753025952018983,1
-275.01143291638164,98.59718313531627,18.87896024040375,41.656444992613224,7.59092803104719,1.03165788926433,-20.970806996436917,-6.38109260535934,-5.005888580799101,-4.795418135990199,-2.9825226549655897,-3.7695555857146297,-1.8209520308916438,1
-256.87121331113605,103.84731171817407,7.745978146388049,37.69425991142552,-7.191273118190848,-14.807009249773188,-15.725258975759942,-4.9800562240931034,-17.977108440681082,-7.855454364042463,-10.139958363706754,-11.850985472419646,-3.3733581128638237,1
-549.5919226859061,96.19329103704179,26.2525302887442,35.8540559975069,11.22313877134199,-1.2606328879847857,-14.3166284606931,-6.897493027605244,-5.458498358272474,-12.38692745677452,-3.186862208506228,-6.866295965203461,-3.942190363890278,1
-320.5549546367957,110.91893781654011,12.469776996224155,34.66049072090027,11.635337915451554,-2.9417283918409534,-24.86098596815352,-2.6288324332956443,-0.9273467644658953,-11.52037300326365,-2.4495897582770083,-0.9656777093187906,-0.930426716052856,2
-244.60421013748413,104.17400112606792,0.7270638007518931,41.397180285904795,-1.0489558226578957,3.012263982585022,-23.294944458166558,-7.379218788671801,-7.321664099635079,-5.437243384740252,-5.166565325271444,-6.180357492169398,0.5488528384315797,2
-269.95648562648955,100.65325632236882,4.846459357555815,44.17684470012572,-9.350259400234762,-17.498191695053286,0.8828762788933757,2.2264756298144817,-16.341757936470973,-3.7963148541608076,-1.9587083891129762,-6.539612600841828,-1.3242958393984425,2
-564.5297374853237,104.16678360900299,26.31631096170082,44.69154325401051,17.20622962253226,-4.461410702978507,-15.697163140753782,-2.7756856259445706,-5.164682657133217,-11.30687460297582,-3.655787430408594,-6.920935130137904,-4.809557086566693,2
-299.40148203462246,120.04967606498282,-7.825759807477047,18.668106754785704,14.231796124306324,-2.381234418269331,-20.35545000383035,3.747914777843323,4.587278503334522,-11.66205726183279,2.8734894318270556,0.4729359874652894,-4.356264576127252,2
-268.3379946124665,102.54021085910033,-6.729071023573831,21.683150863902597,5.588329677330168,2.6062587933074943,-17.834752589395364,-4.454890851941619,-3.2029452511809806,0.4211785174269748,-0.30354602860302526,-2.507561486370402,-0.1004304719214098,2
-270.31794320610464,102.09009980101133,-7.6106186499034285,27.578961270062436,-2.186224071263705,-15.727634630303564,0.34235267747104803,-0.07300748041016902,-12.766003528243461,-0.2973525304467702,-2.559171046727154,-5.1659773444519255,-0.6060012545042862,2
-578.9631602684336,153.1285989965728,12.855258458273406,13.574215127072707,5.488192753786546,-4.7604197546190425,-7.058825295158441,1.2223167111453759,-7.306406070801197,-13.286091426080747,-2.4419688039445218,-0.11876487023655033,3.4208509884806055,2
-337.13785471034623,96.85791935426602,4.8830035516924735,26.816011584050294,10.726266442271788,-2.187049502378464,-13.945278882587264,7.129151298007394,-0.08153547715789512,-7.427310313140334,1.1838789983913582,0.3061364583512349,-2.1510856500261175,2
-313.95604903444524,82.60162107331459,3.149413056645767,25.095716953216655,6.752093232567027,2.5670756033522917,-13.848806220951024,0.18095975114814122,-1.6259709088703205,1.9753023376787129,1.4790638039690724,-2.6963994475246706,1.162335238317276,2
-306.7289802588227,91.08556490020808,4.948583628465818,35.194005898552625,-4.452377319389902,-15.261363863178396,-1.7966077531020168,2.094179683404373,-8.590471601343248,0.5768489947173415,-5.777695356685289,-6.767794272761899,0.8635972676204342,2
-619.6703892237947,107.59739557235082,29.558555436907998,32.76793905015341,13.122878117833679,-2.0307182952585885,-6.720529565575275,3.05120718599465,-1.1124440420401618,-7.047624872075379,-5.765779961309929,-5.782130855526842,-2.771077069127122,2
-287.7881409277533,101.46578830526667,6.457224615878814,15.612456945821698,7.43445419053438,-1.5235026933050932,-24.845929749785725,-5.168912243405751,-0.026256456242064508,-10.821958211007384,-0.8712860603834788,-1.3204027305018553,-2.8287050682061587,2
-262.65324175659106,84.1041439563637,3.7681934201790983,30.648111912764165,0.3940327134943132,1.9802316591021039,-20.77907545195215,-8.097353841257057,-6.467440615040653,-4.0345364230163465,-1.4588842208239696,-5.123288182590385,-2.775039159006114,2
-274.5958117454659,94.64822915775372,3.6992665808267544,31.50322268284506,-2.172356435817618,-13.326275909284442,-8.624618646796048,-3.389553232512411,-13.84225601484676,-2.7953556085559286,-4.886140342055182,-9.065170010284648,-1.402353994591358,2
-545.8959749629082,94.27873169439721,22.47711218877212,21.958837865218317,11.072784002905399,2.0621561474560965,-9.97434442722948,-5.297185176193678,-6.166406485390736,-9.602407059273183,-6.182120632392779,-6.876325845652159,-0.9146830697211323,2
-297.13503320143167,93.33896806937155,0.14738616289554504,22.728797797986143,12.994618191375869,-2.1312187863574428,-23.172441219482444,-3.081122723006847,-3.0213523793466646,-14.21103884177025,-0.6647994165715011,-1.5012886314580896,-3.8156792823828365,2
-237.74989709996245,85.53310565581042,-1.3796471179037624,30.790187063244247,-4.56153096229076,1.2721569581276102,-20.359811374582872,-5.6917478674975746,-8.45191277350233,-4.0829827830749466,-6.007044544658862,-7.437825377015321,2.1699992209562438,2
-260.8460641318512,94.14964175401236,-0.5312444169282166,35.022707852385054,-10.809607807433867,-11.957663119425458,-8.235889386609003,-2.5171818493755223,-13.685553299387232,-6.826079093945151,-5.229851621231654,-7.373886085364111,0.16606501410380745,2
-554.9095619706135,119.23794623415012,20.057551015400797,24.725496063948164,4.9386790664631,-6.317855586388662,-15.549003051167851,-7.234182601119952,-9.18163184486384,-13.232177011272439,-3.593539600860457,-4.523472901587886,-3.444378034810741,2
-310.45966113466403,111.64558845407156,3.5186879981799764,28.0326333294571,2.561597046155103,0.7510069264551728,-22.07049658600632,-3.123451529850575,-0.012700656069173132,-11.51534496608558,1.8922500350633151,0.5459324796451267,-1.6374036399807803,2
-276.6005685210706,93.69851141706968,-3.601304194533982,30.992634158570795,6.153028976020132,1.9197398596709854,-19.09644381646117,-4.133800850196045,-3.455902950662652,-2.1419346955170018,-0.2813541382602025,-2.4914326268687805,0.7634139706501812,2
-229.76820538443937,92.4384337581263,-9.817766564245465,37.95808912907026,-12.566119493063702,-8.295563518542938,-9.061551887212133,-1.0673730429301806,-11.642527275090465,-4.425377978007568,-3.2270751782233495,-4.925478023950394,-3.7174260681885354,2
-556.8860542329494,114.06776242203892,21.40408420423277,37.68171546881318,1.7669780329467886,-5.790244470955821,-11.283399193528963,-0.8775827328342983,-7.803110878956521,-12.3182093908583,-1.7709992746064065,-4.784158505995031,-1.0467288084381914,2
-311.6648483712502,109.29858889900488,-6.178863479423375,20.445498881544463,1.5995748704764767,-6.749051122250686,-16.36466846547323,3.5611205455146013,-3.8939698288590927,-10.49453287873154,7.718088232956193,-1.6941992317421073,-5.888426029514973,2
-276.9199857974729,90.26345538422103,-5.142778552885022,18.785180981042004,-1.8074923485151775,0.6704945440571228,-13.77196993566194,-0.5137807217037199,-6.602217670244227,2.8681979385732213,3.6332864530890063,-0.8124487643593976,4.605646160729546,2
-207.91381396107835,103.63356451490482,-12.97617948426963,25.349654428145794,-14.983951884371962,-11.789230445770912,-12.594608984191934,-3.218522538996757,-10.175008360830752,-0.574925618398312,-4.0424953428906125,-3.6614804330867594,-1.4729346521797113,2
-467.869863871866,150.70176693474153,6.941500337239651,13.059255165783338,-6.795193834978808,-23.41018208107461,-11.54310459279881,2.4671787471007476,-15.035584857238296,-23.42157474391845,-5.878969309748551,-6.618376313551709,-1.2930221622849836,2
-291.8298100512222,80.66572470341326,8.868838322283821,24.305081459337284,-3.68622308476616,-2.7497543210647124,-20.31150117725161,-4.297737020976293,-1.2030550803540163,-7.981038371582803,-1.540014056877835,-4.0866654741941435,-4.844385514119673,2
-267.4865590574898,76.01888260567824,6.675653102198039,32.41271611880983,-1.1955062984251539,3.3251527044084015,-17.041396527998774,-6.867334402307666,-7.372893229549866,-6.055684288989614,-1.6311826921567596,-2.5317016945072797,-1.8606809376736722,2
-226.8846083466311,77.51585791139676,-1.873315443362572,37.80934899399882,-8.789958965316215,0.49164144815551053,-15.145197254530409,-1.2416666961210312,-9.84888053390058,-5.084249531703369,-3.713408662946145,-4.979982772199939,-2.513244242342446,2
-541.2093902200091,105.18856032503054,27.68616017605633,37.579664951020305,-3.289122862278425,-10.423196345271695,-13.409741241295066,-5.323022138635373,-6.18628430596782,-11.877201320878255,-1.85260427043226,-1.700843997368952,-4.27931681691697,2
-338.27106075592707,123.49454610281234,14.127574905149856,32.00723893864485,13.33649152314474,2.9232615620537463,-26.48971986425835,-4.770444910089604,-0.017459453207979207,-10.636466956468997,2.8370825607307837,-3.515884388574311,-6.515276454186882,2
-279.1604012490204,97.93549437924011,6.197276818209397,39.11385217933303,5.9455010331540095,3.4295876242048946,-18.616644376156863,-3.26504923069959,-9.050998156828438,-1.9202127947004572,0.8520420843952341,-4.480729166647353,2.073499161334505,2
-226.3953982878899,93.10318116753079,1.0596507348991075,41.888704318473124,-7.914992025466022,-4.703592479323707,-15.347760133778038,-3.5657347613438963,-12.21201212628114,-3.841776367330555,-4.169405039526957,-5.151898446572771,-4.298220057483007,2
-543.852630178635,112.90804456396957,18.454025297819005,32.41686839890735,14.063879233520877,-2.21068741669726,-13.8609400562019,-6.284757343471974,-8.944231568160802,-9.742235222811685,-1.828724424278021,-6.794388580250777,-2.305479258177092,2
-300.06615556815007,122.5584615637018,3.105062919894616,28.880353403370645,1.9994637768688608,-4.797771997224603,-29.195513432435213,-4.623798072168683,-2.2790457248103166,-14.462940810802978,1.4242000069732579,-3.6298235053952816,-3.4170817029553295,2
-255.27292686530038,93.30643400949828,2.6737018492688165,35.70872700840836,0.6390061686951095,0.42173094819549045,-17.504720092818392,-5.320749783237028,-8.446586463106117,-3.298483088391012,-0.02847903896844493,-4.2949423334952765,1.8542314791643002,2
-196.67742451779077,106.61128385055068,-6.815550233102965,40.0290909965043,-14.29696223556928,-8.44818143206021,-18.599234557238724,-6.185258574059099,-13.077197314889698,-6.577603439504703,-5.744019338544959,-6.68587009441958,-3.3328630490799833,2
-528.7509037329442,120.50278226633448,17.629308102088313,33.14870149525694,3.4276605276701115,-10.902153013186682,-16.819388739275748,-7.116617554362771,-5.336760107955288,-14.211420675355269,-3.1385897361330906,-4.5346848021097275,-6.062365729954805,2
-335.043814926754,115.222970968151,14.886134218339603,29.945909191651843,26.847459975139515,-1.239669929481797,-24.753592284029583,-3.2731666956100947,1.7803985818811172,-9.783072633035863,0.10950224187667323,-0.9774461178830705,-5.336596987600002,2
-299.23953545037057,95.1439160849778,11.58449175872873,39.82445398369638,14.337845974385688,0.6709805745531751,-14.95410562169414,-5.169368177786357,-7.732531125760313,1.3489902641596303,3.8803925605435103,-2.093954461185977,1.5623427035729491,2
-219.4687624883125,92.5201022615085,-10.040452713118052,33.056518775412464,-14.515887220612647,-5.677489098510301,-7.187767526195135,-8.246652437583904,-13.453312308543833,4.706472991239552,0.8764195428054633,-2.1353193540881383,-7.016626976556886,2
-567.2736232034298,116.24144739531167,14.982086631697248,38.560815948759014,15.908496371064613,-1.1536687412903925,-6.189653194395778,1.4498057908350306,-5.600285951937345,-7.5751439741279105,3.5860582761458346,-2.4215577096919136,-0.09449707848065983,2
-317.94591499406346,118.06266585980828,8.996445151340417,28.552427578494072,4.775408319693282,-0.08290289238132895,-23.830171626578814,-3.833866105470915,-0.19932941375638483,-12.25923199584148,2.0472537112347764,1.0617133052581083,-3.139082653440482,2
-307.24756916912315,99.91306196094925,20.793911946853452,38.57221089556313,4.605632197263794,-1.606502384617894,-13.897198977339798,-8.087708958331683,-8.493155035529941,-1.6147168872648565,0.7806045945508933,-0.7057004614166837,1.0196282756844806,2
-222.07385574623405,96.51679926571138,-2.028488849215827,36.68148382047624,-16.813287881598452,-4.06736028587171,-10.259152807340314,-8.470309544793798,-15.583371061570888,-4.542776005357902,-8.965091914386523,-5.872766550523185,-3.843668140213676,2
-559.6560998785828,105.04220183447849,25.272242125744427,37.91290214661219,0.5677433688070624,-4.427112403292529,-5.786431801927396,2.9793002335366565,-11.457619667793551,-15.320812322013143,-1.8434682574608667,-5.058019903011657,-2.4072918832318466,2
-297.23918398856233,116.36947747439942,10.192018313673161,21.6827809379992,5.666506428755257,-2.7244055934713596,-22.3565023675921,-1.8847345301246385,1.8356801032403203,-14.068451891527303,-1.8032049598685291,0.23331907050513082,-3.9323171997478767,2
-305.92569258793435,106.26112015180811,17.87747590187485,36.61813855139699,4.950845574401996,0.17924220179605618,-13.945327321944752,-10.093932772922688,-7.3199716150967005,1.780120245704972,0.2858625385765287,-3.881114303334057,-0.1510755155611138,2
-199.63676230297037,100.02381402494039,-1.319324223890634,35.10424026786598,-16.674422234876698,-6.854680509164393,-12.485897086064396,-4.484517713622739,-15.19070442707821,-3.7806249739014497,-6.633303022947289,-6.848468991300979,-5.740100127315953,2
-575.3811271332478,114.69507892456996,30.148650446272693,38.220356763478044,-1.7263113393829808,-7.47635658382136,-7.557789739219193,3.3254932933143353,-3.961832738725355,-10.343768818555827,-1.1503356009483623,-4.512782311995065,-2.5442295177997964,2
-304.52724438603735,113.07730550033115,-4.762411565972917,30.436536453000407,12.244630281871752,-2.2354340299513424,-27.591464035370613,-1.9899034439961691,-0.8373798190698232,-14.351074343047214,-2.4711940413043743,-4.822717411337095,-1.5920962045366331,2
-311.04568488591514,94.4747308948805,7.120748148443889,43.03239359820305,14.632925386255845,-1.273918153288011,-15.357972810302767,-6.2813709802265985,-4.169479175126894,-0.6631499742559743,2.854643836252977,-0.28173114262009163,3.0057638537518048,2
-213.08347622021347,90.42351336022111,-9.998970177166983,43.646578756440924,-9.413909093569208,-11.246956701773005,-11.177278785413524,-3.0806060572577816,-13.41685704810785,-5.947807843409636,-7.9033437031001785,-4.860303698939661,-1.4169668667807642,2
-548.936225326233,126.33597849371075,12.246782767078741,35.18780326535797,9.713376593907187,-4.569879158195337,-15.332116619585303,-5.789935649381482,-6.295625353920924,-10.74980018229314,-1.715010883626001,-6.325856634143562,-3.9438202270942138,2
-295.86010386418417,110.35985915398216,7.425225719428724,26.343865344932304,20.531523809551473,-4.297981601568472,-26.686066760036937,-3.94592716334998,-4.155390112061748,-17.224115731551056,-4.5411483498339535,-5.201863504593039,-4.170283474987987,2
-307.98561176556086,107.53025563175872,12.987048329493943,44.441527161952074,17.27201090953698,-7.690735894783739,-19.88515813477709,-8.545036481591593,-8.407522759592641,-5.9891009987822175,-2.1651665432512646,-1.7336449506831946,-1.7191201231871984,2
-228.18248277880326,104.40780210709998,-5.312508878012414,41.55030892166095,-4.7540629908247825,-14.61386306706604,-14.263767406832686,-4.369480193948563,-17.47991126351858,-5.691797994892431,-7.769591449509551,-6.165899966124398,-1.9885471781156279,2
-558.684038612083,130.28668818378156,18.203284016762804,38.194911852535256,15.563202700991418,-2.4869524512963364,-11.852210879422508,-8.187829570517147,-10.755873713473452,-13.977896146601495,-4.910263864384992,-5.6459808199783845,-4.308592437308343,2
-314.1111704640928,93.76865584559575,18.70685209709332,29.98830298595279,8.294389689333078,-3.2792279935895166,-21.448905451323864,-3.0126586067401964,-1.7932172224186758,-17.58972070939261,-6.04108578341361,0.2103092720566663,-5.954161530587446,3
-346.98264689246724,87.56619271720086,16.086063836726865,39.42733302070575,-0.5243237574910293,-3.392352806251295,-24.97033363235761,-9.832699409371934,-0.526202707500689,-2.326407968137895,-3.480022565048336,-6.066759713073213,-2.7350849641847175,3
-243.5723083780331,92.4404038840021,-5.102865542235134,30.063197128580182,-26.879762949814577,-9.814510010261687,-6.85302196179453,-8.799038989278367,-15.332589013284723,-1.0540286578844982,-4.801298882736586,-6.390676509797409,-4.143943229092406,3
-622.3991226560344,109.32663152345404,27.451045729828344,46.69257464437545,19.32112503152785,-3.615514970991668,-10.155441142633741,5.399473561758777,-3.6059603391416757,-6.581802870942099,-4.309144357340764,-6.796725420262467,-2.8694815991113094,3
-344.7602025767529,106.67609492059974,13.880395063822766,23.119762782230488,7.7744275672602425,5.0213941833173665,-25.583295637664104,-5.57410028927721,-1.5528634648941824,-16.73247410618363,-1.4519793644014054,4.031712981225036,-5.988722910527147,3
-339.1932932266396,86.55623209503882,5.6183184801500925,18.95820214507716,0.7864186509090364,-2.3918214472059156,-13.498462168982822,-5.720740543238788,-4.6050029263108145,1.5775037965252965,0.9980120798241449,-4.2434588689318,-0.6704388906522974,3
-249.06513104558243,100.50716920717804,-12.700661569124197,23.581100969587744,-12.072533300435229,-7.576426053613288,-6.497732661708335,-9.696614993037569,-12.145942637351425,-2.095816373431631,-5.8763844982883935,-6.3370285122072625,-4.856421701698976,3
-609.0863388303753,150.39712333301367,19.203153216963816,17.5717767494467,6.280333924680602,-5.693512438815352,-2.306410855493047,4.562301268887224,-10.77329497338015,-10.980430224427794,-1.1901450683138055,-2.807965074868553,2.840744266028663,3
-367.43736970454063,83.58113321826016,14.760676597566952,25.10299341717057,9.543681065707522,2.6219217651161975,-17.112594503280032,2.2071926125869665,2.990419084390728,-10.864104217125135,-0.044724394746385704,2.8475914432409035,-3.838934768154947,3
-398.45893670534923,76.1303492140939,18.543720897085123,21.882415261558005,3.4358441923874996,-0.3463522578817212,-10.103090402988872,-3.603827965508142,1.404483551046329,5.271768962924274,2.949539561986884,-2.2847459174048854,1.1469214319288024,3
-296.419674534702,80.09055471450623,-1.4058532255961813,25.34623524413505,-11.515579793598175,-6.94752288994889,-6.526049630898862,-2.021297288399713,-7.876694481261793,-0.7256170655123583,-5.450153473595723,-2.778970687469796,-4.3916508723885,3
-651.1171075733065,112.29143261992961,24.91895621851052,34.05032677963108,17.344120210599563,0.5739512165650379,-4.265511548987953,2.4212357843227643,-4.666127852993345,-6.273534588326111,-2.1547001933850187,-6.178535930271216,0.26074849195111804,3
-325.4439262782951,90.64375267612373,17.312883439146013,30.186551921033967,-2.7126364538915984,9.488496104079905,-25.51840503665495,-5.099085037521434,-2.418195144905123,-19.055371123026177,2.242231329721346,-0.9983400569760895,-12.883436591036423,3
-363.05790001457257,77.70795766465514,20.856326751558615,37.93536756785187,-7.799976401514525,5.09909478783966,-21.82312743620788,-10.257867851106312,-7.005006442059646,0.26328486512722826,-1.0070973040188023,-6.2912714970268,-0.6052983511317477,3
-258.47964607771985,84.83804250836772,3.38424479370719,20.272162268841377,-17.542320746609946,4.319126338257299,-12.835471255245821,-9.917956776977132,-16.286515755546507,-2.1550852631463777,-3.9488597848512863,-6.570673086270829,-5.5093627810299735,3
-587.8907402298488,109.79908197318154,24.431176611986306,28.464393307249225,-3.4081402444506,5.894318247801916,-8.97936837902301,-2.804164089239509,-5.56488295849137,-13.331041145548921,-1.010232473642164,-3.3377016248659257,-4.993168237556393,3
-310.04868592242,101.45071342871528,13.232315434318256,30.166274213177825,0.29251698884630495,1.8157297309326264,-28.364924157367632,-5.858522577039151,-4.582923943622646,-20.796646060884132,-3.1671732207877272,-1.9790583058410849,-6.562995866309257,3
-324.10344354842044,81.66723074971625,14.171706181043884,23.655080563568973,-13.546664527987447,-1.0627378518929929,-25.940468725681363,-12.311891730818497,-10.683532944534234,-3.487019141519591,-3.5530296088666726,-11.490167944461717,-0.6223654611073418,3
-244.76165295209742,93.58079924744999,-5.464676460647928,21.232338369177917,-20.65406094293276,-7.471370220289714,-10.229832199015792,-12.747166304620492,-14.953878165194,-1.6461932339220593,-6.148996635954233,-4.472182207113644,-4.9127136200959205,3
-578.6601886484384,109.43116454833556,22.75409702412809,34.2910454574731,6.707082016219297,-5.151053633604068,-6.391550886162533,-0.011393286769624221,-9.566600949829281,-10.243420177010329,-3.2574388355426174,-8.630947258455585,-5.285635857510314,3
-345.25939471495326,78.92684254269922,15.679901069642568,25.5018970778635,3.7768111109766407,9.075751676803707,-18.421918674414574,-0.699760505383265,4.9215974411098875,-7.097374077595717,2.016293204253273,1.8434797799140679,-0.7409157555165453,3
-369.4619030405203,78.22276941904241,5.895615234624157,37.52626432032992,-3.6432813426159645,1.3486864397528298,-16.382710980585117,-4.144290073182814,1.8725653515595617,4.637542766781764,0.3576393213585322,-3.451419543542919,-0.8221816075737873,3
-306.84305346339715,89.4795360972714,-6.530978576272501,23.71197146421466,-16.96640166295892,6.47056248676167,-1.947101160844587,-9.579896297734294,-2.379095227605511,-0.5955381251884221,-1.6128246937876534,-2.2832601846506537,-3.963798662201337,3
-583.6826525604115,116.17985159890574,11.383536681482994,45.061393012478604,-1.998619627311648,-2.107860211122524,-10.531521390724649,7.20971810176833,-1.1526507109393334,-7.507889083799467,-0.6583206223863348,-1.1859159683829021,0.6257153086741265,3
-357.6620546820672,99.914390258635,18.245585408443887,35.161791835317025,6.918314710729003,4.1644899480902,-26.29883737448297,-0.07628856456071968,4.157508390684048,-9.867010437021754,1.690501655043238,1.475243040122252,-3.0513088971188496,3
-370.15585974103016,97.03667582640301,13.413943130336794,36.028860119653025,-6.140794287667928,-1.619343605965204,-18.229178126040726,-6.215013326865588,-6.938181925239301,2.161078703283785,2.1884508210038556,-2.908221363876659,-1.6184732012641294,3
-279.7860190340511,91.59944014882348,-8.909876544813404,27.913435544418164,-17.40846041588392,-4.381939652255259,-2.981008726165953,-13.06295625095056,-10.388963234066985,0.7075557812618429,-6.053389258431013,1.1195662827088246,0.10022619103113274,3
-547.9764278503268,109.1509338814015,15.961247614625663,26.815493146760666,1.6276417665005976,-3.3204267271296914,-11.145540515353112,-2.34973193779837,-8.691729969926259,-10.704840655714642,-2.8975186672784248,-4.728458218057725,0.2839238018006808,3
-340.4771822089699,96.41416389232101,21.24236556424947,42.63387737009375,-1.2064981936451398,12.029055152937337,-25.908627656736208,-3.3693452369991586,0.7683378668877008,-12.674012478566029,-1.9593621627044076,-0.38564444610929643,-5.215854298593272,3
-363.06186455057406,84.8092379020753,16.682450172891382,45.28639338286934,-8.93710164825081,3.1398420481518943,-20.39155015764808,-8.169729294041188,-2.484428792713445,0.7449938031941368,-1.5313195286105739,-4.513341652240307,-2.53143712789415,3
-305.867865523287,83.68998590727611,7.651206819657139,32.35379948372848,-31.038203839991088,7.474409376126256,-5.350439122371875,-9.55787330800163,-7.192598973164174,-2.1120033438269536,-5.9153939857551885,-3.200041190665637,-2.256988729309669,3
-582.8585203784721,94.42401480268438,22.412206095366905,49.779184283046305,-0.6605333608691557,0.8179952608793091,-10.790292636961716,2.4884877781140853,-7.336697096160025,-10.433202992817657,-5.350162091974489,-5.022465451326035,-0.47924681296327143,3
-337.87565031974543,105.27440406381794,17.30803461032789,29.456932551586995,3.2099483830268576,10.657668735534262,-24.83217682451494,-5.135803527015155,-1.0129941482635691,-12.85583543173606,0.9383997071990391,1.3609986695174887,-4.3394552511434386,3
-323.6563186304842,88.2981661285293,16.33654600369911,24.341816897969604,-2.9964454799080413,-2.9378165678491555,-16.86188946305363,-11.388055348238964,-8.736962376742875,-2.076707713931638,0.14916302094822517,-2.989395405127802,-3.008112974730408,3
-277.78195012700263,94.14132128199223,-5.911439562769834,17.679360813458327,-17.263482072117334,1.7657997432227506,-5.6480120013699056,-14.245934526935043,-10.284859641378313,-1.151568406482516,-5.758348203882553,-4.487887570483717,1.335532495620799,3
-589.3171262919936,124.73014221172815,13.058314810729431,33.39908199685456,10.821717978226852,-3.4264468819746337,-9.356890562785466,-2.6925328809040803,-13.8021491060197,-13.142915017668782,-2.6023024175560128,-7.547589560318448,-3.9469434474364156,3
-299.6730096369228,101.91904305849468,15.468123007751066,25.093618819733393,14.101592830333264,-1.8266647832570304,-25.025067828399415,-1.2456426112845036,-6.093996483870996,-19.479567946923385,-2.865097193006551,-0.05097330289436847,-3.5501140288641024,3
-344.3014912872107,88.16046816532989,16.298506577388096,26.032796601705893,2.954633787019976,-9.144948050000703,-15.209307779982737,-7.429502150888651,-5.227392431913624,-1.86483692530051,-1.6713474894468852,-3.045227386493063,-0.9410367152956044,3
-237.23702422951266,107.52602963963471,-16.47371346759363,21.176301561237132,-17.473844410815794,-20.505695063794228,-0.98292817732343,-18.726924377963623,-18.622047569147956,1.3315414829014693,-11.11149537771411,-1.0712185577057065,3.700590745480585,3
-548.9725661951197,97.19434369380838,24.539207685746696,24.785187658217787,7.219789058672519,-15.546170733111856,-6.277918716998621,2.089202162618559,-11.105259168363107,-12.341057209569936,-5.128141013212881,-9.811020632101746,-5.4362801491159916,3
-345.97579821800525,110.4327485262627,6.26670189896843,25.727569950246302,6.574386324061942,7.230693395596085,-25.56787981367041,-1.119468967211837,1.9562903811162005,-11.201192431301916,4.2875069555128595,2.435538287734777,-4.013664970077575,3
-362.24573003559914,104.00253973803062,14.624700194542381,33.23887507557812,-2.978966459251475,2.5991377457522016,-13.863873218771802,-9.816444183056582,-6.569239870214236,3.9671154668744353,1.4474128160529365,-3.8025138005339953,4.608679415986162,3
-253.1033777663205,85.08767575518131,-7.806893228114905,15.889514657217052,-23.242112850327935,-4.636828237749608,-7.891639607272482,-17.04988629329433,-11.00818499287459,0.42845881565386684,-5.001074252090541,-4.4832849422181935,-2.330806306397781,3
-628.8317322848751,117.88188278531972,31.449909858012223,31.137798548865895,1.9528002066405636,-3.8992886226216656,1.9278987970282286,7.191632502175154,-7.248638957132589,-4.186213220626125,3.828050699251912,-1.2013884482068755,3.3763517593703103,3
-316.88267237947343,127.97603055085133,3.6990166415511636,31.41405254369923,18.653218084009985,5.893292299432046,-30.75870396332543,-3.3935166440028524,-0.884160586130599,-12.77782958521077,-1.6669898081799608,-6.3291867408311875,-3.0006624055997517,3
-348.9458341495374,99.4133816702494,16.007273917017894,45.16523155995078,1.5252349921147523,1.2661451561433021,-23.431309437643506,-14.12584638316556,-7.778820352306407,0.942713287538799,-5.414816947722322,-6.932807506952992,3.2725765031291996,3
-240.71048552688157,87.22374274657417,-3.295347806847006,22.06721275414636,-16.27475221936694,-3.6679173637879554,-17.61372918686897,-15.329402294399022,-13.771811658176425,-2.878924983958168,-10.410121289519205,-8.741376033207706,-3.641734056018531,3
-595.5029984097113,122.07403738140349,32.89508369040492,33.332251835677354,2.4902963601676515,-2.1696768635531343,-3.6860995024915297,-0.24629523785532478,-10.238227805056997,-11.453956465152283,-3.582381133489597,-2.704274142964631,0.6211397211253055,3
-323.6202281490373,102.04874643343409,11.417944728937558,27.194366882715325,9.514969723088516,3.439043213161667,-24.39919910148222,1.7258106892136276,0.4808866308086538,-14.468047333690642,-0.5373077363344446,-1.4902327881108088,-1.432600971954093,3
-372.14579501340097,74.502250533653,21.277806008504278,31.779425560984297,-3.3009665796986765,3.585779039652905,-12.759059990363376,-7.418206943270567,-6.534437077741181,-0.05692655226167404,-0.12438849635699806,-2.291945203296235,2.9397671751217493,3
-255.29749253675175,80.2063527154377,-2.4092626734156237,15.601546367907172,-24.99132246322305,0.6105149338640097,-13.84537769241948,-8.901792504418454,-10.519126662807142,-3.920938839519266,-5.9456735753273176,0.6715202930944756,1.0900309219303732,3
-638.6393084891522,117.4765846301383,29.041956104862308,36.27313046579777,3.034566375982195,-6.764762786978971,-6.054819417640385,4.581038390373077,-5.188303847179805,-4.683339180185093,-1.0292476579175354,-5.4397003353985305,-5.041945293796425,3
-310.1248868335678,95.48127947868849,10.279075188463446,23.063025289915853,11.953204643312185,2.3775395517644493,-20.715827079410804,1.409898885844798,1.3792319983659638,-14.923216565463688,-1.2173767122417398,0.8180281079311289,-1.8401611424691484,3
-349.9511910962309,96.1313470967941,17.024279272527494,28.94532142252083,2.420656523843858,-1.1919925037462027,-11.444143430630533,-9.142670025256093,-10.038958600707945,-2.232803840981997,-2.181426896128167,-4.714247124603657,0.5939033526618137,3
-252.38863250782,96.45027196488947,-9.349617051129208,20.67897075846679,-21.36198924853739,-9.539872900240322,-6.6426264070309875,-13.697769823890543,-15.176195754582753,-4.869040407777287,-8.593776403089844,-0.6073158999198374,-1.3834278812284846,3
-608.0301109013355,118.46801062654328,29.026990889646747,32.55284527281747,4.883011732847122,-6.945959122213486,-2.3491895934269067,7.1635043507768295,-7.544895631160124,-11.195559180038941,-2.715271216463239,-7.116923324489877,-0.8347746353027713,3
-305.3329226706207,111.6586663784535,16.357038292509202,26.190802949968152,13.55047778241877,2.9686937700374245,-28.912622185885755,-3.857094481572143,-0.7393348875858861,-17.76161420339728,-4.4573086501410195,-4.210684167179597,-4.6966021547710035,3
-381.3066064138953,97.16635693126871,33.305236189995554,45.89831445682713,-1.1419723207597332,5.280240137439249,-19.807714606707606,-9.14636439807939,-8.767244137984259,1.7765837267447933,-0.7551147791797889,-6.421997669893188,4.491704056538324,3
-260.00391598024885,89.51128421909519,-4.305600097126313,25.282815726131524,-15.939032267110894,-9.099918509052422,-12.860365743426224,-13.258139452889244,-15.104471929448534,-3.865920093681888,-12.420359820517657,-5.843641233017762,0.073746138558296,3
-579.8602461440646,117.73580032741899,32.942976209421325,36.58517233296452,3.7462302535239003,-9.698327348584165,-8.400427715817866,-0.30526809078314215,-9.848097117938831,-10.20659273906671,-4.152935274132421,-8.014584063710315,-2.503710692340753,3
